id,first_name,last_name,email,gender,ip_address
1,Malcolm,Jansema,mjansema0@chronoengine.com,Male,60.239.248.232
2,Berton,Falconar,bfalconar1@comcast.net,Male,35.64.125.52
3,Virgina,Lanning,vlanning2@jugem.jp,Female,212.37.58.117
4,Cassey,Hawney,chawney3@ustream.tv,Female,94.53.65.215
5,Dasya,Miskin,dmiskin4@imageshack.us,Genderfluid,241.147.185.164
6,Hillery,Patrone,hpatrone5@oracle.com,Male,125.118.195.255
7,Hyman,Harral,hharral6@skype.com,Male,140.53.120.118
8,Justin,Tummons,jtummons7@livejournal.com,Male,203.111.106.45
9,Mick,Mincini,mmincini8@issuu.com,Male,53.34.9.204
10,Rudolph,Janjic,rjanjic9@berkeley.edu,Male,212.91.155.252
11,Dasi,Atte-Stone,dattestonea@dyndns.org,Female,15.172.58.211
12,Boycey,Lathey,blatheyb@illinois.edu,Male,19.93.209.201
13,Charity,Croote,ccrootec@yahoo.co.jp,Female,29.239.135.166
14,Hermie,Harrop,hharropd@nbcnews.com,Male,140.9.133.65
15,Shina,Lethabridge,slethabridgee@sohu.com,Female,47.218.68.116
16,Berti,Tinkler,btinklerf@nature.com,Female,249.14.72.253
17,Barnebas,Malicki,bmalickig@topsy.com,Male,198.148.32.78
18,Chadd,Gloyens,cgloyensh@businessweek.com,Male,182.234.7.236
19,Thorny,Blackett,tblacketti@reuters.com,Male,84.25.58.140
20,Wayland,Feld,wfeldj@bizjournals.com,Male,165.58.74.159
21,Corie,Lain,claink@lulu.com,Female,88.123.196.250
22,Jacki,Gravell,jgravelll@telegraph.co.uk,Female,212.169.215.135
23,Anestassia,Barwise,abarwisem@dell.com,Female,97.173.139.11
24,Tadeo,Rottery,trotteryn@friendfeed.com,Non-binary,82.233.157.97
25,Kasey,Tupie,ktupieo@yellowpages.com,Female,170.77.16.200
26,Biron,Reen,breenp@pbs.org,Male,241.140.169.174
27,Rickey,Duxbury,rduxburyq@clickbank.net,Male,66.9.220.113
28,Rosita,Petrolli,rpetrollir@issuu.com,Female,152.75.144.77
29,Zed,Grishukov,zgrishukovs@fc2.com,Male,139.73.9.225
30,Brent,Faulconbridge,bfaulconbridget@blinklist.com,Male,207.78.168.36
31,Bendick,Sailes,bsailesu@phoca.cz,Male,113.86.250.60
32,Ethan,Dulin,edulinv@nba.com,Male,91.188.217.120
33,Julia,Ainsworth,jainsworthw@dailymotion.com,Genderqueer,98.181.171.72
34,Terry,Hessing,thessingx@pinterest.com,Male,60.40.80.143
35,Brietta,Brimilcombe,bbrimilcombey@cyberchimps.com,Female,188.167.166.14
36,Eilis,Atkinson,eatkinsonz@nsw.gov.au,Female,130.81.174.140
37,Oby,Annes,oannes10@pen.io,Male,174.245.107.114
38,Ezechiel,Langlands,elanglands11@springer.com,Male,195.151.12.10
39,Nichole,Keyzor,nkeyzor12@alibaba.com,Male,177.169.215.170
40,Mab,Headon,mheadon13@vimeo.com,Female,137.99.229.5
41,Paige,Troppmann,ptroppmann14@tumblr.com,Male,209.69.22.41
42,Ethelind,Farlam,efarlam15@sciencedirect.com,Female,75.182.141.160
43,Shell,Carwithim,scarwithim16@surveymonkey.com,Female,207.33.105.86
44,Elsworth,Edmunds,eedmunds17@is.gd,Male,72.162.144.54
45,Davide,Cox,dcox18@blogtalkradio.com,Male,107.196.179.217
46,Gardener,Siddle,gsiddle19@home.pl,Male,7.227.168.227
47,Ettore,Conkay,econkay1a@foxnews.com,Agender,223.243.213.128
48,Felecia,Carmen,fcarmen1b@uiuc.edu,Female,14.153.135.18
49,Demetrius,Barrowcliff,dbarrowcliff1c@loc.gov,Male,193.97.39.143
50,Fara,Matzl,fmatzl1d@paypal.com,Female,43.138.158.152
51,Winnie,Persse,wpersse1e@alexa.com,Male,104.48.176.158
52,Cayla,Lampbrecht,clampbrecht1f@opensource.org,Female,96.126.162.167
53,Chris,Eric,ceric1g@wunderground.com,Polygender,141.199.90.177
54,Welby,Bradnocke,wbradnocke1h@hibu.com,Male,122.175.124.5
55,Agnola,Waye,awaye1i@cbsnews.com,Female,157.189.241.127
56,Aldis,Fist,afist1j@nhs.uk,Male,109.29.84.216
57,Bernetta,Fountain,bfountain1k@goodreads.com,Polygender,164.121.88.209
58,Rex,Lantuff,rlantuff1l@ca.gov,Male,44.182.63.17
59,Sibeal,Harbar,sharbar1m@gov.uk,Polygender,21.136.126.48
60,Luci,Philipps,lphilipps1n@rambler.ru,Female,138.144.225.181
61,Niles,Reuter,nreuter1o@mayoclinic.com,Male,191.189.166.3
62,Niles,Van Dale,nvandale1p@hao123.com,Male,174.105.18.121
63,Grove,Sulley,gsulley1q@ted.com,Male,229.141.73.78
64,Ellwood,Gregorio,egregorio1r@vkontakte.ru,Male,9.230.24.245
65,Fulton,Norrington,fnorrington1s@chron.com,Male,46.173.26.68
66,Edyth,Pawlicki,epawlicki1t@dot.gov,Female,191.173.5.154
67,Pippo,Dronsfield,pdronsfield1u@weebly.com,Male,182.247.216.44
68,Allayne,Charke,acharke1v@reverbnation.com,Male,48.189.209.195
69,Eddi,Mullins,emullins1w@dropbox.com,Bigender,177.100.144.211
70,Wallis,Suart,wsuart1x@ihg.com,Female,0.188.144.4
71,Agretha,Limpkin,alimpkin1y@godaddy.com,Female,100.201.41.27
72,Roma,Skett,rskett1z@1und1.de,Male,41.158.45.247
73,Ali,Flattman,aflattman20@wunderground.com,Female,204.82.15.232
74,Amerigo,Cometson,acometson21@toplist.cz,Male,97.107.129.252
75,Robbie,Bilborough,rbilborough22@barnesandnoble.com,Female,120.94.101.85
76,Nial,Wardroper,nwardroper23@mtv.com,Male,214.161.192.62
77,Kent,Ubach,kubach24@house.gov,Male,69.131.45.171
78,Orlando,Whittet,owhittet25@g.co,Male,71.149.34.148
79,Lydie,Lampel,llampel26@netscape.com,Female,197.154.114.130
80,Hamilton,Nazaret,hnazaret27@princeton.edu,Male,59.128.23.134
81,Aguie,Hibbart,ahibbart28@free.fr,Male,150.235.75.25
82,Garrik,Pires,gpires29@edublogs.org,Male,179.163.44.20
83,Giordano,Martellini,gmartellini2a@flickr.com,Male,32.32.226.51
84,Mahalia,Bamforth,mbamforth2b@bluehost.com,Female,68.113.188.240
85,Juliet,Foat,jfoat2c@imageshack.us,Female,142.222.150.155
86,Sybil,Di Franceschi,sdifranceschi2d@studiopress.com,Female,56.160.141.161
87,Elayne,Regina,eregina2e@mashable.com,Female,116.220.85.116
88,Lars,Sorensen,lsorensen2f@soup.io,Male,34.124.185.217
89,Dmitri,Cronin,dcronin2g@yahoo.com,Male,106.208.196.235
90,Faith,Baulcombe,fbaulcombe2h@aboutads.info,Female,89.74.253.58
91,Willy,MacGray,wmacgray2i@state.gov,Male,233.200.27.39
92,Maje,McQuaide,mmcquaide2j@xing.com,Male,19.166.11.209
93,Ethyl,Mordey,emordey2k@bloglines.com,Female,67.43.250.32
94,Raviv,Ferrero,rferrero2l@sun.com,Genderfluid,129.62.153.105
95,Darius,Daftor,ddaftor2m@istockphoto.com,Male,78.206.223.205
96,Wilmar,Blaske,wblaske2n@ovh.net,Male,54.77.171.199
97,Rafferty,Carlone,rcarlone2o@livejournal.com,Male,124.14.24.72
98,Misty,Christofle,mchristofle2p@tumblr.com,Female,5.18.1.61
99,Corrie,MacCollom,cmaccollom2q@wiley.com,Female,27.59.179.219
100,Dodie,Lawlor,dlawlor2r@upenn.edu,Female,43.14.135.7
